empty_slots,free_bikes,Latitude,Longitude,Bike_station,Total_bikes,Category,Rating,Restaurant_name,Location,Distance
9,7,49.27,-123.12,Yaletown-Roundhouse Station,16,Restaurant,-1.0,Ganache Patisserie ,1262 Homer St ,674.0
9,7,49.27,-123.12,Yaletown-Roundhouse Station,16,Breakfast & Brunch,4.5, OEB Breakfast Co. Yaletown, 1137 Marinaside Crescent,1956.67
4,10,49.27,-123.12,Spyglass & Seawall,14,Restaurant,-1.0,Ganache Patisserie ,1262 Homer St ,674.0
4,10,49.27,-123.12,Spyglass & Seawall,14,Breakfast & Brunch,4.5, OEB Breakfast Co. Yaletown, 1137 Marinaside Crescent,1956.67
6,8,49.27,-123.12,Stamps Landing,14,Restaurant,-1.0,Ganache Patisserie ,1262 Homer St ,674.0
6,8,49.27,-123.12,Stamps Landing,14,Breakfast & Brunch,4.5, OEB Breakfast Co. Yaletown, 1137 Marinaside Crescent,1956.67
9,11,49.27,-123.12,Marinaside & Davie,20,Restaurant,-1.0,Ganache Patisserie ,1262 Homer St ,674.0
9,11,49.27,-123.12,Marinaside & Davie,20,Breakfast & Brunch,4.5, OEB Breakfast Co. Yaletown, 1137 Marinaside Crescent,1956.67
15,2,49.27,-123.12,7th & Heather,17,Restaurant,-1.0,Ganache Patisserie ,1262 Homer St ,674.0
15,2,49.27,-123.12,7th & Heather,17,Breakfast & Brunch,4.5, OEB Breakfast Co. Yaletown, 1137 Marinaside Crescent,1956.67
8,5,49.27,-123.12,7th & Laurel,13,Restaurant,-1.0,Ganache Patisserie ,1262 Homer St ,674.0
8,5,49.27,-123.12,7th & Laurel,13,Breakfast & Brunch,4.5, OEB Breakfast Co. Yaletown, 1137 Marinaside Crescent,1956.67
18,8,49.27,-123.12,Olympic Village Station,26,Restaurant,-1.0,Ganache Patisserie ,1262 Homer St ,674.0
18,8,49.27,-123.12,Olympic Village Station,26,Breakfast & Brunch,4.5, OEB Breakfast Co. Yaletown, 1137 Marinaside Crescent,1956.67
20,6,49.28,-123.11,Dunsmuir & Beatty,26,Restaurant,-1.0,Le Doux Ciel ,65 Smithe St ,674.0
20,6,49.28,-123.11,Dunsmuir & Beatty,26,Flower Store,-1.0,Heathers the Flowershop ,422 Cordova St W ,849.0
20,6,49.28,-123.11,Dunsmuir & Beatty,26,Flower Store,-1.0,D&D Flowers ,531 Richards St ,537.0
20,6,49.28,-123.11,Dunsmuir & Beatty,26,Flower Store,-1.0,For the Moment Floral Designs ,543 Pender St W ,647.0
20,6,49.28,-123.11,Dunsmuir & Beatty,26,Belgian,4.0, Chambar, 568 Beatty Street,2855.66
20,6,49.28,-123.11,Dunsmuir & Beatty,26,"Seafood, Seafood Markets",4.5, Fanny Bay Oyster Bar & Shellfish Market, 762 Cambie St,2598.46
20,6,49.28,-123.11,Dunsmuir & Beatty,26,Breakfast & Brunch,4.5, Jam Cafe on Beatty, 556 Beatty Street,2873.7
9,11,49.28,-123.11,Beatty & Robson,20,Restaurant,-1.0,Le Doux Ciel ,65 Smithe St ,674.0
9,11,49.28,-123.11,Beatty & Robson,20,Flower Store,-1.0,Heathers the Flowershop ,422 Cordova St W ,849.0
9,11,49.28,-123.11,Beatty & Robson,20,Flower Store,-1.0,D&D Flowers ,531 Richards St ,537.0
9,11,49.28,-123.11,Beatty & Robson,20,Flower Store,-1.0,For the Moment Floral Designs ,543 Pender St W ,647.0
9,11,49.28,-123.11,Beatty & Robson,20,Belgian,4.0, Chambar, 568 Beatty Street,2855.66
9,11,49.28,-123.11,Beatty & Robson,20,"Seafood, Seafood Markets",4.5, Fanny Bay Oyster Bar & Shellfish Market, 762 Cambie St,2598.46
9,11,49.28,-123.11,Beatty & Robson,20,Breakfast & Brunch,4.5, Jam Cafe on Beatty, 556 Beatty Street,2873.7
13,8,49.28,-123.11,Abbott & Cordova,21,Restaurant,-1.0,Le Doux Ciel ,65 Smithe St ,674.0
13,8,49.28,-123.11,Abbott & Cordova,21,Flower Store,-1.0,Heathers the Flowershop ,422 Cordova St W ,849.0
13,8,49.28,-123.11,Abbott & Cordova,21,Flower Store,-1.0,D&D Flowers ,531 Richards St ,537.0
13,8,49.28,-123.11,Abbott & Cordova,21,Flower Store,-1.0,For the Moment Floral Designs ,543 Pender St W ,647.0
13,8,49.28,-123.11,Abbott & Cordova,21,Belgian,4.0, Chambar, 568 Beatty Street,2855.66
13,8,49.28,-123.11,Abbott & Cordova,21,"Seafood, Seafood Markets",4.5, Fanny Bay Oyster Bar & Shellfish Market, 762 Cambie St,2598.46
13,8,49.28,-123.11,Abbott & Cordova,21,Breakfast & Brunch,4.5, Jam Cafe on Beatty, 556 Beatty Street,2873.7
7,25,49.28,-123.11,Cambie & Water,32,Restaurant,-1.0,Le Doux Ciel ,65 Smithe St ,674.0
7,25,49.28,-123.11,Cambie & Water,32,Flower Store,-1.0,Heathers the Flowershop ,422 Cordova St W ,849.0
7,25,49.28,-123.11,Cambie & Water,32,Flower Store,-1.0,D&D Flowers ,531 Richards St ,537.0
7,25,49.28,-123.11,Cambie & Water,32,Flower Store,-1.0,For the Moment Floral Designs ,543 Pender St W ,647.0
7,25,49.28,-123.11,Cambie & Water,32,Belgian,4.0, Chambar, 568 Beatty Street,2855.66
7,25,49.28,-123.11,Cambie & Water,32,"Seafood, Seafood Markets",4.5, Fanny Bay Oyster Bar & Shellfish Market, 762 Cambie St,2598.46
7,25,49.28,-123.11,Cambie & Water,32,Breakfast & Brunch,4.5, Jam Cafe on Beatty, 556 Beatty Street,2873.7
1,24,49.28,-123.11,Keefer & Abbott,25,Restaurant,-1.0,Le Doux Ciel ,65 Smithe St ,674.0
1,24,49.28,-123.11,Keefer & Abbott,25,Flower Store,-1.0,Heathers the Flowershop ,422 Cordova St W ,849.0
1,24,49.28,-123.11,Keefer & Abbott,25,Flower Store,-1.0,D&D Flowers ,531 Richards St ,537.0
1,24,49.28,-123.11,Keefer & Abbott,25,Flower Store,-1.0,For the Moment Floral Designs ,543 Pender St W ,647.0
1,24,49.28,-123.11,Keefer & Abbott,25,Belgian,4.0, Chambar, 568 Beatty Street,2855.66
1,24,49.28,-123.11,Keefer & Abbott,25,"Seafood, Seafood Markets",4.5, Fanny Bay Oyster Bar & Shellfish Market, 762 Cambie St,2598.46
1,24,49.28,-123.11,Keefer & Abbott,25,Breakfast & Brunch,4.5, Jam Cafe on Beatty, 556 Beatty Street,2873.7
11,5,49.28,-123.11,Expo & Carrall,16,Restaurant,-1.0,Le Doux Ciel ,65 Smithe St ,674.0
11,5,49.28,-123.11,Expo & Carrall,16,Flower Store,-1.0,Heathers the Flowershop ,422 Cordova St W ,849.0
11,5,49.28,-123.11,Expo & Carrall,16,Flower Store,-1.0,D&D Flowers ,531 Richards St ,537.0
11,5,49.28,-123.11,Expo & Carrall,16,Flower Store,-1.0,For the Moment Floral Designs ,543 Pender St W ,647.0
11,5,49.28,-123.11,Expo & Carrall,16,Belgian,4.0, Chambar, 568 Beatty Street,2855.66
11,5,49.28,-123.11,Expo & Carrall,16,"Seafood, Seafood Markets",4.5, Fanny Bay Oyster Bar & Shellfish Market, 762 Cambie St,2598.46
11,5,49.28,-123.11,Expo & Carrall,16,Breakfast & Brunch,4.5, Jam Cafe on Beatty, 556 Beatty Street,2873.7
6,6,49.28,-123.11,Expo & Smithe,12,Restaurant,-1.0,Le Doux Ciel ,65 Smithe St ,674.0
6,6,49.28,-123.11,Expo & Smithe,12,Flower Store,-1.0,Heathers the Flowershop ,422 Cordova St W ,849.0
6,6,49.28,-123.11,Expo & Smithe,12,Flower Store,-1.0,D&D Flowers ,531 Richards St ,537.0
6,6,49.28,-123.11,Expo & Smithe,12,Flower Store,-1.0,For the Moment Floral Designs ,543 Pender St W ,647.0
6,6,49.28,-123.11,Expo & Smithe,12,Belgian,4.0, Chambar, 568 Beatty Street,2855.66
6,6,49.28,-123.11,Expo & Smithe,12,"Seafood, Seafood Markets",4.5, Fanny Bay Oyster Bar & Shellfish Market, 762 Cambie St,2598.46
6,6,49.28,-123.11,Expo & Smithe,12,Breakfast & Brunch,4.5, Jam Cafe on Beatty, 556 Beatty Street,2873.7
4,13,49.28,-123.11,Carrall & Seawall,17,Restaurant,-1.0,Le Doux Ciel ,65 Smithe St ,674.0
4,13,49.28,-123.11,Carrall & Seawall,17,Flower Store,-1.0,Heathers the Flowershop ,422 Cordova St W ,849.0
4,13,49.28,-123.11,Carrall & Seawall,17,Flower Store,-1.0,D&D Flowers ,531 Richards St ,537.0
4,13,49.28,-123.11,Carrall & Seawall,17,Flower Store,-1.0,For the Moment Floral Designs ,543 Pender St W ,647.0
4,13,49.28,-123.11,Carrall & Seawall,17,Belgian,4.0, Chambar, 568 Beatty Street,2855.66
4,13,49.28,-123.11,Carrall & Seawall,17,"Seafood, Seafood Markets",4.5, Fanny Bay Oyster Bar & Shellfish Market, 762 Cambie St,2598.46
4,13,49.28,-123.11,Carrall & Seawall,17,Breakfast & Brunch,4.5, Jam Cafe on Beatty, 556 Beatty Street,2873.7
18,3,49.28,-123.11,Dunsmuir & Richards,21,Restaurant,-1.0,Le Doux Ciel ,65 Smithe St ,674.0
18,3,49.28,-123.11,Dunsmuir & Richards,21,Flower Store,-1.0,Heathers the Flowershop ,422 Cordova St W ,849.0
18,3,49.28,-123.11,Dunsmuir & Richards,21,Flower Store,-1.0,D&D Flowers ,531 Richards St ,537.0
18,3,49.28,-123.11,Dunsmuir & Richards,21,Flower Store,-1.0,For the Moment Floral Designs ,543 Pender St W ,647.0
18,3,49.28,-123.11,Dunsmuir & Richards,21,Belgian,4.0, Chambar, 568 Beatty Street,2855.66
18,3,49.28,-123.11,Dunsmuir & Richards,21,"Seafood, Seafood Markets",4.5, Fanny Bay Oyster Bar & Shellfish Market, 762 Cambie St,2598.46
18,3,49.28,-123.11,Dunsmuir & Richards,21,Breakfast & Brunch,4.5, Jam Cafe on Beatty, 556 Beatty Street,2873.7
14,10,49.28,-123.11,Richards & Cordova,24,Restaurant,-1.0,Le Doux Ciel ,65 Smithe St ,674.0
14,10,49.28,-123.11,Richards & Cordova,24,Flower Store,-1.0,Heathers the Flowershop ,422 Cordova St W ,849.0
14,10,49.28,-123.11,Richards & Cordova,24,Flower Store,-1.0,D&D Flowers ,531 Richards St ,537.0
14,10,49.28,-123.11,Richards & Cordova,24,Flower Store,-1.0,For the Moment Floral Designs ,543 Pender St W ,647.0
14,10,49.28,-123.11,Richards & Cordova,24,Belgian,4.0, Chambar, 568 Beatty Street,2855.66
14,10,49.28,-123.11,Richards & Cordova,24,"Seafood, Seafood Markets",4.5, Fanny Bay Oyster Bar & Shellfish Market, 762 Cambie St,2598.46
14,10,49.28,-123.11,Richards & Cordova,24,Breakfast & Brunch,4.5, Jam Cafe on Beatty, 556 Beatty Street,2873.7
13,11,49.29,-123.11,Canada Place,24,Flower Store,-1.0,First Blossom Floral Boutique ,880 Cordova St W ,852.0
13,11,49.29,-123.11,Canada Place,24,Flower Store,-1.0,Cariboo Rose Resources Ltd ,325 Howe St ,826.0
13,11,49.29,-123.11,Canada Place,24,Flower Store,-1.0,Flowerz ,880 Cordova St W ,862.0
13,11,49.29,-123.11,Canada Place,24,"Japanese, Sushi Bars, Vegetarian",4.5, Miku, 200 Granville Street,3517.85
9,8,49.29,-123.11,Seymour & Cordova,17,Flower Store,-1.0,First Blossom Floral Boutique ,880 Cordova St W ,852.0
9,8,49.29,-123.11,Seymour & Cordova,17,Flower Store,-1.0,Cariboo Rose Resources Ltd ,325 Howe St ,826.0
9,8,49.29,-123.11,Seymour & Cordova,17,Flower Store,-1.0,Flowerz ,880 Cordova St W ,862.0
9,8,49.29,-123.11,Seymour & Cordova,17,"Japanese, Sushi Bars, Vegetarian",4.5, Miku, 200 Granville Street,3517.85
11,7,49.29,-123.11,Cordova & Granville,18,Flower Store,-1.0,First Blossom Floral Boutique ,880 Cordova St W ,852.0
11,7,49.29,-123.11,Cordova & Granville,18,Flower Store,-1.0,Cariboo Rose Resources Ltd ,325 Howe St ,826.0
11,7,49.29,-123.11,Cordova & Granville,18,Flower Store,-1.0,Flowerz ,880 Cordova St W ,862.0
11,7,49.29,-123.11,Cordova & Granville,18,"Japanese, Sushi Bars, Vegetarian",4.5, Miku, 200 Granville Street,3517.85
11,8,49.28,-123.12,Granville & Georgia,19,Restaurant,-1.0,Le Cassis Patisserie & Cooking School ,910 Beatty St ,514.0
11,8,49.28,-123.12,Granville & Georgia,19,Flower Store,-1.0,Bay Fresh Flowers ,1b21-650 Georgia St W ,228.0
11,8,49.28,-123.12,Granville & Georgia,19,Flower Store,-1.0,Divine Vines ,1024 Mainland St ,452.0
11,8,49.28,-123.12,Granville & Georgia,19,Flower Store,-1.0,Angela & Gabriel's Flowers Inc ,925 Georgia St W ,472.0
11,8,49.28,-123.12,Granville & Georgia,19,Flower Store,-1.0,7 Foot Florist ,888 Dunsmuir St ,523.0
11,8,49.28,-123.12,Granville & Georgia,19,Flower Store,-1.0,Queensberry Flower Co ,655 Seymour St ,571.0
11,8,49.28,-123.12,Granville & Georgia,19,Flower Store,-1.0,Fleurs d'Amour ,437 Robson St ,214.0
11,8,49.28,-123.12,Granville & Georgia,19,Flower Store,-1.0,Bonus Eventus Florist ,345 Robson St ,334.0
11,8,49.28,-123.12,Granville & Georgia,19,Flower Store,-1.0,Granville Station Flowers ,655 Seymour St ,380.0
11,8,49.28,-123.12,Granville & Georgia,19,Seafood,4.5, Blue Water Cafe, 1095 Hamilton St,2244.53
11,8,49.28,-123.12,Granville & Georgia,19,"Seafood, Steakhouses",4.0, Joe Fortes Seafood & Chop House, 777 Thurlow Street,3206.83
11,8,49.28,-123.12,Granville & Georgia,19,Italian,4.5, Lupo, 869 Hamilton Street,2499.67
11,8,49.28,-123.12,Granville & Georgia,19,"Breakfast & Brunch, Middle Eastern, Wine Bars",4.0, Medina Cafe, 780 Richards Street,2749.8
11,8,49.28,-123.12,Granville & Georgia,19,"Canadian (New), Seafood",4.0, The Flying Pig, 1168 Hamilton Street,2108.81
11,17,49.28,-123.12,Robson & Hornby,28,Restaurant,-1.0,Le Cassis Patisserie & Cooking School ,910 Beatty St ,514.0
11,17,49.28,-123.12,Robson & Hornby,28,Flower Store,-1.0,Bay Fresh Flowers ,1b21-650 Georgia St W ,228.0
11,17,49.28,-123.12,Robson & Hornby,28,Flower Store,-1.0,Divine Vines ,1024 Mainland St ,452.0
11,17,49.28,-123.12,Robson & Hornby,28,Flower Store,-1.0,Angela & Gabriel's Flowers Inc ,925 Georgia St W ,472.0
11,17,49.28,-123.12,Robson & Hornby,28,Flower Store,-1.0,7 Foot Florist ,888 Dunsmuir St ,523.0
11,17,49.28,-123.12,Robson & Hornby,28,Flower Store,-1.0,Queensberry Flower Co ,655 Seymour St ,571.0
11,17,49.28,-123.12,Robson & Hornby,28,Flower Store,-1.0,Fleurs d'Amour ,437 Robson St ,214.0
11,17,49.28,-123.12,Robson & Hornby,28,Flower Store,-1.0,Bonus Eventus Florist ,345 Robson St ,334.0
11,17,49.28,-123.12,Robson & Hornby,28,Flower Store,-1.0,Granville Station Flowers ,655 Seymour St ,380.0
11,17,49.28,-123.12,Robson & Hornby,28,Seafood,4.5, Blue Water Cafe, 1095 Hamilton St,2244.53
11,17,49.28,-123.12,Robson & Hornby,28,"Seafood, Steakhouses",4.0, Joe Fortes Seafood & Chop House, 777 Thurlow Street,3206.83
11,17,49.28,-123.12,Robson & Hornby,28,Italian,4.5, Lupo, 869 Hamilton Street,2499.67
11,17,49.28,-123.12,Robson & Hornby,28,"Breakfast & Brunch, Middle Eastern, Wine Bars",4.0, Medina Cafe, 780 Richards Street,2749.8
11,17,49.28,-123.12,Robson & Hornby,28,"Canadian (New), Seafood",4.0, The Flying Pig, 1168 Hamilton Street,2108.81
18,1,49.28,-123.12,Homer & Robson (Vancouver Public Library),19,Restaurant,-1.0,Le Cassis Patisserie & Cooking School ,910 Beatty St ,514.0
18,1,49.28,-123.12,Homer & Robson (Vancouver Public Library),19,Flower Store,-1.0,Bay Fresh Flowers ,1b21-650 Georgia St W ,228.0
18,1,49.28,-123.12,Homer & Robson (Vancouver Public Library),19,Flower Store,-1.0,Divine Vines ,1024 Mainland St ,452.0
18,1,49.28,-123.12,Homer & Robson (Vancouver Public Library),19,Flower Store,-1.0,Angela & Gabriel's Flowers Inc ,925 Georgia St W ,472.0
18,1,49.28,-123.12,Homer & Robson (Vancouver Public Library),19,Flower Store,-1.0,7 Foot Florist ,888 Dunsmuir St ,523.0
18,1,49.28,-123.12,Homer & Robson (Vancouver Public Library),19,Flower Store,-1.0,Queensberry Flower Co ,655 Seymour St ,571.0
18,1,49.28,-123.12,Homer & Robson (Vancouver Public Library),19,Flower Store,-1.0,Fleurs d'Amour ,437 Robson St ,214.0
18,1,49.28,-123.12,Homer & Robson (Vancouver Public Library),19,Flower Store,-1.0,Bonus Eventus Florist ,345 Robson St ,334.0
18,1,49.28,-123.12,Homer & Robson (Vancouver Public Library),19,Flower Store,-1.0,Granville Station Flowers ,655 Seymour St ,380.0
18,1,49.28,-123.12,Homer & Robson (Vancouver Public Library),19,Seafood,4.5, Blue Water Cafe, 1095 Hamilton St,2244.53
18,1,49.28,-123.12,Homer & Robson (Vancouver Public Library),19,"Seafood, Steakhouses",4.0, Joe Fortes Seafood & Chop House, 777 Thurlow Street,3206.83
18,1,49.28,-123.12,Homer & Robson (Vancouver Public Library),19,Italian,4.5, Lupo, 869 Hamilton Street,2499.67
18,1,49.28,-123.12,Homer & Robson (Vancouver Public Library),19,"Breakfast & Brunch, Middle Eastern, Wine Bars",4.0, Medina Cafe, 780 Richards Street,2749.8
18,1,49.28,-123.12,Homer & Robson (Vancouver Public Library),19,"Canadian (New), Seafood",4.0, The Flying Pig, 1168 Hamilton Street,2108.81
12,2,49.28,-123.12,Beatty & Nelson,14,Restaurant,-1.0,Le Cassis Patisserie & Cooking School ,910 Beatty St ,514.0
12,2,49.28,-123.12,Beatty & Nelson,14,Flower Store,-1.0,Bay Fresh Flowers ,1b21-650 Georgia St W ,228.0
12,2,49.28,-123.12,Beatty & Nelson,14,Flower Store,-1.0,Divine Vines ,1024 Mainland St ,452.0
12,2,49.28,-123.12,Beatty & Nelson,14,Flower Store,-1.0,Angela & Gabriel's Flowers Inc ,925 Georgia St W ,472.0
12,2,49.28,-123.12,Beatty & Nelson,14,Flower Store,-1.0,7 Foot Florist ,888 Dunsmuir St ,523.0
12,2,49.28,-123.12,Beatty & Nelson,14,Flower Store,-1.0,Queensberry Flower Co ,655 Seymour St ,571.0
12,2,49.28,-123.12,Beatty & Nelson,14,Flower Store,-1.0,Fleurs d'Amour ,437 Robson St ,214.0
12,2,49.28,-123.12,Beatty & Nelson,14,Flower Store,-1.0,Bonus Eventus Florist ,345 Robson St ,334.0
12,2,49.28,-123.12,Beatty & Nelson,14,Flower Store,-1.0,Granville Station Flowers ,655 Seymour St ,380.0
12,2,49.28,-123.12,Beatty & Nelson,14,Seafood,4.5, Blue Water Cafe, 1095 Hamilton St,2244.53
12,2,49.28,-123.12,Beatty & Nelson,14,"Seafood, Steakhouses",4.0, Joe Fortes Seafood & Chop House, 777 Thurlow Street,3206.83
12,2,49.28,-123.12,Beatty & Nelson,14,Italian,4.5, Lupo, 869 Hamilton Street,2499.67
12,2,49.28,-123.12,Beatty & Nelson,14,"Breakfast & Brunch, Middle Eastern, Wine Bars",4.0, Medina Cafe, 780 Richards Street,2749.8
12,2,49.28,-123.12,Beatty & Nelson,14,"Canadian (New), Seafood",4.0, The Flying Pig, 1168 Hamilton Street,2108.81
10,4,49.28,-123.12,Hornby & Nelson,14,Restaurant,-1.0,Le Cassis Patisserie & Cooking School ,910 Beatty St ,514.0
10,4,49.28,-123.12,Hornby & Nelson,14,Flower Store,-1.0,Bay Fresh Flowers ,1b21-650 Georgia St W ,228.0
10,4,49.28,-123.12,Hornby & Nelson,14,Flower Store,-1.0,Divine Vines ,1024 Mainland St ,452.0
10,4,49.28,-123.12,Hornby & Nelson,14,Flower Store,-1.0,Angela & Gabriel's Flowers Inc ,925 Georgia St W ,472.0
10,4,49.28,-123.12,Hornby & Nelson,14,Flower Store,-1.0,7 Foot Florist ,888 Dunsmuir St ,523.0
10,4,49.28,-123.12,Hornby & Nelson,14,Flower Store,-1.0,Queensberry Flower Co ,655 Seymour St ,571.0
10,4,49.28,-123.12,Hornby & Nelson,14,Flower Store,-1.0,Fleurs d'Amour ,437 Robson St ,214.0
10,4,49.28,-123.12,Hornby & Nelson,14,Flower Store,-1.0,Bonus Eventus Florist ,345 Robson St ,334.0
10,4,49.28,-123.12,Hornby & Nelson,14,Flower Store,-1.0,Granville Station Flowers ,655 Seymour St ,380.0
10,4,49.28,-123.12,Hornby & Nelson,14,Seafood,4.5, Blue Water Cafe, 1095 Hamilton St,2244.53
10,4,49.28,-123.12,Hornby & Nelson,14,"Seafood, Steakhouses",4.0, Joe Fortes Seafood & Chop House, 777 Thurlow Street,3206.83
10,4,49.28,-123.12,Hornby & Nelson,14,Italian,4.5, Lupo, 869 Hamilton Street,2499.67
10,4,49.28,-123.12,Hornby & Nelson,14,"Breakfast & Brunch, Middle Eastern, Wine Bars",4.0, Medina Cafe, 780 Richards Street,2749.8
10,4,49.28,-123.12,Hornby & Nelson,14,"Canadian (New), Seafood",4.0, The Flying Pig, 1168 Hamilton Street,2108.81
26,4,49.28,-123.12,Robson & Granville,30,Restaurant,-1.0,Le Cassis Patisserie & Cooking School ,910 Beatty St ,514.0
26,4,49.28,-123.12,Robson & Granville,30,Flower Store,-1.0,Bay Fresh Flowers ,1b21-650 Georgia St W ,228.0
26,4,49.28,-123.12,Robson & Granville,30,Flower Store,-1.0,Divine Vines ,1024 Mainland St ,452.0
26,4,49.28,-123.12,Robson & Granville,30,Flower Store,-1.0,Angela & Gabriel's Flowers Inc ,925 Georgia St W ,472.0
26,4,49.28,-123.12,Robson & Granville,30,Flower Store,-1.0,7 Foot Florist ,888 Dunsmuir St ,523.0
26,4,49.28,-123.12,Robson & Granville,30,Flower Store,-1.0,Queensberry Flower Co ,655 Seymour St ,571.0
26,4,49.28,-123.12,Robson & Granville,30,Flower Store,-1.0,Fleurs d'Amour ,437 Robson St ,214.0
26,4,49.28,-123.12,Robson & Granville,30,Flower Store,-1.0,Bonus Eventus Florist ,345 Robson St ,334.0
26,4,49.28,-123.12,Robson & Granville,30,Flower Store,-1.0,Granville Station Flowers ,655 Seymour St ,380.0
26,4,49.28,-123.12,Robson & Granville,30,Seafood,4.5, Blue Water Cafe, 1095 Hamilton St,2244.53
26,4,49.28,-123.12,Robson & Granville,30,"Seafood, Steakhouses",4.0, Joe Fortes Seafood & Chop House, 777 Thurlow Street,3206.83
26,4,49.28,-123.12,Robson & Granville,30,Italian,4.5, Lupo, 869 Hamilton Street,2499.67
26,4,49.28,-123.12,Robson & Granville,30,"Breakfast & Brunch, Middle Eastern, Wine Bars",4.0, Medina Cafe, 780 Richards Street,2749.8
26,4,49.28,-123.12,Robson & Granville,30,"Canadian (New), Seafood",4.0, The Flying Pig, 1168 Hamilton Street,2108.81
7,12,49.28,-123.12,Nelson & Mainland,19,Restaurant,-1.0,Le Cassis Patisserie & Cooking School ,910 Beatty St ,514.0
7,12,49.28,-123.12,Nelson & Mainland,19,Flower Store,-1.0,Bay Fresh Flowers ,1b21-650 Georgia St W ,228.0
7,12,49.28,-123.12,Nelson & Mainland,19,Flower Store,-1.0,Divine Vines ,1024 Mainland St ,452.0
7,12,49.28,-123.12,Nelson & Mainland,19,Flower Store,-1.0,Angela & Gabriel's Flowers Inc ,925 Georgia St W ,472.0
7,12,49.28,-123.12,Nelson & Mainland,19,Flower Store,-1.0,7 Foot Florist ,888 Dunsmuir St ,523.0
7,12,49.28,-123.12,Nelson & Mainland,19,Flower Store,-1.0,Queensberry Flower Co ,655 Seymour St ,571.0
7,12,49.28,-123.12,Nelson & Mainland,19,Flower Store,-1.0,Fleurs d'Amour ,437 Robson St ,214.0
7,12,49.28,-123.12,Nelson & Mainland,19,Flower Store,-1.0,Bonus Eventus Florist ,345 Robson St ,334.0
7,12,49.28,-123.12,Nelson & Mainland,19,Flower Store,-1.0,Granville Station Flowers ,655 Seymour St ,380.0
7,12,49.28,-123.12,Nelson & Mainland,19,Seafood,4.5, Blue Water Cafe, 1095 Hamilton St,2244.53
7,12,49.28,-123.12,Nelson & Mainland,19,"Seafood, Steakhouses",4.0, Joe Fortes Seafood & Chop House, 777 Thurlow Street,3206.83
7,12,49.28,-123.12,Nelson & Mainland,19,Italian,4.5, Lupo, 869 Hamilton Street,2499.67
7,12,49.28,-123.12,Nelson & Mainland,19,"Breakfast & Brunch, Middle Eastern, Wine Bars",4.0, Medina Cafe, 780 Richards Street,2749.8
7,12,49.28,-123.12,Nelson & Mainland,19,"Canadian (New), Seafood",4.0, The Flying Pig, 1168 Hamilton Street,2108.81
17,1,49.28,-123.12,Nelson & Richards,18,Restaurant,-1.0,Le Cassis Patisserie & Cooking School ,910 Beatty St ,514.0
17,1,49.28,-123.12,Nelson & Richards,18,Flower Store,-1.0,Bay Fresh Flowers ,1b21-650 Georgia St W ,228.0
17,1,49.28,-123.12,Nelson & Richards,18,Flower Store,-1.0,Divine Vines ,1024 Mainland St ,452.0
17,1,49.28,-123.12,Nelson & Richards,18,Flower Store,-1.0,Angela & Gabriel's Flowers Inc ,925 Georgia St W ,472.0
17,1,49.28,-123.12,Nelson & Richards,18,Flower Store,-1.0,7 Foot Florist ,888 Dunsmuir St ,523.0
17,1,49.28,-123.12,Nelson & Richards,18,Flower Store,-1.0,Queensberry Flower Co ,655 Seymour St ,571.0
17,1,49.28,-123.12,Nelson & Richards,18,Flower Store,-1.0,Fleurs d'Amour ,437 Robson St ,214.0
17,1,49.28,-123.12,Nelson & Richards,18,Flower Store,-1.0,Bonus Eventus Florist ,345 Robson St ,334.0
17,1,49.28,-123.12,Nelson & Richards,18,Flower Store,-1.0,Granville Station Flowers ,655 Seymour St ,380.0
17,1,49.28,-123.12,Nelson & Richards,18,Seafood,4.5, Blue Water Cafe, 1095 Hamilton St,2244.53
17,1,49.28,-123.12,Nelson & Richards,18,"Seafood, Steakhouses",4.0, Joe Fortes Seafood & Chop House, 777 Thurlow Street,3206.83
17,1,49.28,-123.12,Nelson & Richards,18,Italian,4.5, Lupo, 869 Hamilton Street,2499.67
17,1,49.28,-123.12,Nelson & Richards,18,"Breakfast & Brunch, Middle Eastern, Wine Bars",4.0, Medina Cafe, 780 Richards Street,2749.8
17,1,49.28,-123.12,Nelson & Richards,18,"Canadian (New), Seafood",4.0, The Flying Pig, 1168 Hamilton Street,2108.81
26,2,49.28,-123.12,šxʷƛ̓ənəq Xwtl'e7énḵ Square - Vancouver Art Gallery,28,Restaurant,-1.0,Le Cassis Patisserie & Cooking School ,910 Beatty St ,514.0
26,2,49.28,-123.12,šxʷƛ̓ənəq Xwtl'e7énḵ Square - Vancouver Art Gallery,28,Flower Store,-1.0,Bay Fresh Flowers ,1b21-650 Georgia St W ,228.0
26,2,49.28,-123.12,šxʷƛ̓ənəq Xwtl'e7énḵ Square - Vancouver Art Gallery,28,Flower Store,-1.0,Divine Vines ,1024 Mainland St ,452.0
26,2,49.28,-123.12,šxʷƛ̓ənəq Xwtl'e7énḵ Square - Vancouver Art Gallery,28,Flower Store,-1.0,Angela & Gabriel's Flowers Inc ,925 Georgia St W ,472.0
26,2,49.28,-123.12,šxʷƛ̓ənəq Xwtl'e7énḵ Square - Vancouver Art Gallery,28,Flower Store,-1.0,7 Foot Florist ,888 Dunsmuir St ,523.0
26,2,49.28,-123.12,šxʷƛ̓ənəq Xwtl'e7énḵ Square - Vancouver Art Gallery,28,Flower Store,-1.0,Queensberry Flower Co ,655 Seymour St ,571.0
26,2,49.28,-123.12,šxʷƛ̓ənəq Xwtl'e7énḵ Square - Vancouver Art Gallery,28,Flower Store,-1.0,Fleurs d'Amour ,437 Robson St ,214.0
26,2,49.28,-123.12,šxʷƛ̓ənəq Xwtl'e7énḵ Square - Vancouver Art Gallery,28,Flower Store,-1.0,Bonus Eventus Florist ,345 Robson St ,334.0
26,2,49.28,-123.12,šxʷƛ̓ənəq Xwtl'e7énḵ Square - Vancouver Art Gallery,28,Flower Store,-1.0,Granville Station Flowers ,655 Seymour St ,380.0
26,2,49.28,-123.12,šxʷƛ̓ənəq Xwtl'e7énḵ Square - Vancouver Art Gallery,28,Seafood,4.5, Blue Water Cafe, 1095 Hamilton St,2244.53
26,2,49.28,-123.12,šxʷƛ̓ənəq Xwtl'e7énḵ Square - Vancouver Art Gallery,28,"Seafood, Steakhouses",4.0, Joe Fortes Seafood & Chop House, 777 Thurlow Street,3206.83
26,2,49.28,-123.12,šxʷƛ̓ənəq Xwtl'e7énḵ Square - Vancouver Art Gallery,28,Italian,4.5, Lupo, 869 Hamilton Street,2499.67
26,2,49.28,-123.12,šxʷƛ̓ənəq Xwtl'e7énḵ Square - Vancouver Art Gallery,28,"Breakfast & Brunch, Middle Eastern, Wine Bars",4.0, Medina Cafe, 780 Richards Street,2749.8
26,2,49.28,-123.12,šxʷƛ̓ənəq Xwtl'e7énḵ Square - Vancouver Art Gallery,28,"Canadian (New), Seafood",4.0, The Flying Pig, 1168 Hamilton Street,2108.81
16,1,49.28,-123.12,Richards & Helmcken,17,Restaurant,-1.0,Le Cassis Patisserie & Cooking School ,910 Beatty St ,514.0
16,1,49.28,-123.12,Richards & Helmcken,17,Flower Store,-1.0,Bay Fresh Flowers ,1b21-650 Georgia St W ,228.0
16,1,49.28,-123.12,Richards & Helmcken,17,Flower Store,-1.0,Divine Vines ,1024 Mainland St ,452.0
16,1,49.28,-123.12,Richards & Helmcken,17,Flower Store,-1.0,Angela & Gabriel's Flowers Inc ,925 Georgia St W ,472.0
16,1,49.28,-123.12,Richards & Helmcken,17,Flower Store,-1.0,7 Foot Florist ,888 Dunsmuir St ,523.0
16,1,49.28,-123.12,Richards & Helmcken,17,Flower Store,-1.0,Queensberry Flower Co ,655 Seymour St ,571.0
16,1,49.28,-123.12,Richards & Helmcken,17,Flower Store,-1.0,Fleurs d'Amour ,437 Robson St ,214.0
16,1,49.28,-123.12,Richards & Helmcken,17,Flower Store,-1.0,Bonus Eventus Florist ,345 Robson St ,334.0
16,1,49.28,-123.12,Richards & Helmcken,17,Flower Store,-1.0,Granville Station Flowers ,655 Seymour St ,380.0
16,1,49.28,-123.12,Richards & Helmcken,17,Seafood,4.5, Blue Water Cafe, 1095 Hamilton St,2244.53
16,1,49.28,-123.12,Richards & Helmcken,17,"Seafood, Steakhouses",4.0, Joe Fortes Seafood & Chop House, 777 Thurlow Street,3206.83
16,1,49.28,-123.12,Richards & Helmcken,17,Italian,4.5, Lupo, 869 Hamilton Street,2499.67
16,1,49.28,-123.12,Richards & Helmcken,17,"Breakfast & Brunch, Middle Eastern, Wine Bars",4.0, Medina Cafe, 780 Richards Street,2749.8
16,1,49.28,-123.12,Richards & Helmcken,17,"Canadian (New), Seafood",4.0, The Flying Pig, 1168 Hamilton Street,2108.81
14,4,49.28,-123.12,Richards & Robson,18,Restaurant,-1.0,Le Cassis Patisserie & Cooking School ,910 Beatty St ,514.0
14,4,49.28,-123.12,Richards & Robson,18,Flower Store,-1.0,Bay Fresh Flowers ,1b21-650 Georgia St W ,228.0
14,4,49.28,-123.12,Richards & Robson,18,Flower Store,-1.0,Divine Vines ,1024 Mainland St ,452.0
14,4,49.28,-123.12,Richards & Robson,18,Flower Store,-1.0,Angela & Gabriel's Flowers Inc ,925 Georgia St W ,472.0
14,4,49.28,-123.12,Richards & Robson,18,Flower Store,-1.0,7 Foot Florist ,888 Dunsmuir St ,523.0
14,4,49.28,-123.12,Richards & Robson,18,Flower Store,-1.0,Queensberry Flower Co ,655 Seymour St ,571.0
14,4,49.28,-123.12,Richards & Robson,18,Flower Store,-1.0,Fleurs d'Amour ,437 Robson St ,214.0
14,4,49.28,-123.12,Richards & Robson,18,Flower Store,-1.0,Bonus Eventus Florist ,345 Robson St ,334.0
14,4,49.28,-123.12,Richards & Robson,18,Flower Store,-1.0,Granville Station Flowers ,655 Seymour St ,380.0
14,4,49.28,-123.12,Richards & Robson,18,Seafood,4.5, Blue Water Cafe, 1095 Hamilton St,2244.53
14,4,49.28,-123.12,Richards & Robson,18,"Seafood, Steakhouses",4.0, Joe Fortes Seafood & Chop House, 777 Thurlow Street,3206.83
14,4,49.28,-123.12,Richards & Robson,18,Italian,4.5, Lupo, 869 Hamilton Street,2499.67
14,4,49.28,-123.12,Richards & Robson,18,"Breakfast & Brunch, Middle Eastern, Wine Bars",4.0, Medina Cafe, 780 Richards Street,2749.8
14,4,49.28,-123.12,Richards & Robson,18,"Canadian (New), Seafood",4.0, The Flying Pig, 1168 Hamilton Street,2108.81
16,1,49.28,-123.12,Georgia & Homer,17,Restaurant,-1.0,Le Cassis Patisserie & Cooking School ,910 Beatty St ,514.0
16,1,49.28,-123.12,Georgia & Homer,17,Flower Store,-1.0,Bay Fresh Flowers ,1b21-650 Georgia St W ,228.0
16,1,49.28,-123.12,Georgia & Homer,17,Flower Store,-1.0,Divine Vines ,1024 Mainland St ,452.0
16,1,49.28,-123.12,Georgia & Homer,17,Flower Store,-1.0,Angela & Gabriel's Flowers Inc ,925 Georgia St W ,472.0
16,1,49.28,-123.12,Georgia & Homer,17,Flower Store,-1.0,7 Foot Florist ,888 Dunsmuir St ,523.0
16,1,49.28,-123.12,Georgia & Homer,17,Flower Store,-1.0,Queensberry Flower Co ,655 Seymour St ,571.0
16,1,49.28,-123.12,Georgia & Homer,17,Flower Store,-1.0,Fleurs d'Amour ,437 Robson St ,214.0
16,1,49.28,-123.12,Georgia & Homer,17,Flower Store,-1.0,Bonus Eventus Florist ,345 Robson St ,334.0
16,1,49.28,-123.12,Georgia & Homer,17,Flower Store,-1.0,Granville Station Flowers ,655 Seymour St ,380.0
16,1,49.28,-123.12,Georgia & Homer,17,Seafood,4.5, Blue Water Cafe, 1095 Hamilton St,2244.53
16,1,49.28,-123.12,Georgia & Homer,17,"Seafood, Steakhouses",4.0, Joe Fortes Seafood & Chop House, 777 Thurlow Street,3206.83
16,1,49.28,-123.12,Georgia & Homer,17,Italian,4.5, Lupo, 869 Hamilton Street,2499.67
16,1,49.28,-123.12,Georgia & Homer,17,"Breakfast & Brunch, Middle Eastern, Wine Bars",4.0, Medina Cafe, 780 Richards Street,2749.8
16,1,49.28,-123.12,Georgia & Homer,17,"Canadian (New), Seafood",4.0, The Flying Pig, 1168 Hamilton Street,2108.81
13,0,49.28,-123.12,Richards & Davie,13,Restaurant,-1.0,Le Cassis Patisserie & Cooking School ,910 Beatty St ,514.0
13,0,49.28,-123.12,Richards & Davie,13,Flower Store,-1.0,Bay Fresh Flowers ,1b21-650 Georgia St W ,228.0
13,0,49.28,-123.12,Richards & Davie,13,Flower Store,-1.0,Divine Vines ,1024 Mainland St ,452.0
13,0,49.28,-123.12,Richards & Davie,13,Flower Store,-1.0,Angela & Gabriel's Flowers Inc ,925 Georgia St W ,472.0
13,0,49.28,-123.12,Richards & Davie,13,Flower Store,-1.0,7 Foot Florist ,888 Dunsmuir St ,523.0
13,0,49.28,-123.12,Richards & Davie,13,Flower Store,-1.0,Queensberry Flower Co ,655 Seymour St ,571.0
13,0,49.28,-123.12,Richards & Davie,13,Flower Store,-1.0,Fleurs d'Amour ,437 Robson St ,214.0
13,0,49.28,-123.12,Richards & Davie,13,Flower Store,-1.0,Bonus Eventus Florist ,345 Robson St ,334.0
13,0,49.28,-123.12,Richards & Davie,13,Flower Store,-1.0,Granville Station Flowers ,655 Seymour St ,380.0
13,0,49.28,-123.12,Richards & Davie,13,Seafood,4.5, Blue Water Cafe, 1095 Hamilton St,2244.53
13,0,49.28,-123.12,Richards & Davie,13,"Seafood, Steakhouses",4.0, Joe Fortes Seafood & Chop House, 777 Thurlow Street,3206.83
13,0,49.28,-123.12,Richards & Davie,13,Italian,4.5, Lupo, 869 Hamilton Street,2499.67
13,0,49.28,-123.12,Richards & Davie,13,"Breakfast & Brunch, Middle Eastern, Wine Bars",4.0, Medina Cafe, 780 Richards Street,2749.8
13,0,49.28,-123.12,Richards & Davie,13,"Canadian (New), Seafood",4.0, The Flying Pig, 1168 Hamilton Street,2108.81
5,13,49.28,-123.12,Smithe & Burrard,18,Restaurant,-1.0,Le Cassis Patisserie & Cooking School ,910 Beatty St ,514.0
5,13,49.28,-123.12,Smithe & Burrard,18,Flower Store,-1.0,Bay Fresh Flowers ,1b21-650 Georgia St W ,228.0
5,13,49.28,-123.12,Smithe & Burrard,18,Flower Store,-1.0,Divine Vines ,1024 Mainland St ,452.0
5,13,49.28,-123.12,Smithe & Burrard,18,Flower Store,-1.0,Angela & Gabriel's Flowers Inc ,925 Georgia St W ,472.0
5,13,49.28,-123.12,Smithe & Burrard,18,Flower Store,-1.0,7 Foot Florist ,888 Dunsmuir St ,523.0
5,13,49.28,-123.12,Smithe & Burrard,18,Flower Store,-1.0,Queensberry Flower Co ,655 Seymour St ,571.0
5,13,49.28,-123.12,Smithe & Burrard,18,Flower Store,-1.0,Fleurs d'Amour ,437 Robson St ,214.0
5,13,49.28,-123.12,Smithe & Burrard,18,Flower Store,-1.0,Bonus Eventus Florist ,345 Robson St ,334.0
5,13,49.28,-123.12,Smithe & Burrard,18,Flower Store,-1.0,Granville Station Flowers ,655 Seymour St ,380.0
5,13,49.28,-123.12,Smithe & Burrard,18,Seafood,4.5, Blue Water Cafe, 1095 Hamilton St,2244.53
5,13,49.28,-123.12,Smithe & Burrard,18,"Seafood, Steakhouses",4.0, Joe Fortes Seafood & Chop House, 777 Thurlow Street,3206.83
5,13,49.28,-123.12,Smithe & Burrard,18,Italian,4.5, Lupo, 869 Hamilton Street,2499.67
5,13,49.28,-123.12,Smithe & Burrard,18,"Breakfast & Brunch, Middle Eastern, Wine Bars",4.0, Medina Cafe, 780 Richards Street,2749.8
5,13,49.28,-123.12,Smithe & Burrard,18,"Canadian (New), Seafood",4.0, The Flying Pig, 1168 Hamilton Street,2108.81
16,0,49.28,-123.12,Richards & Smithe,16,Restaurant,-1.0,Le Cassis Patisserie & Cooking School ,910 Beatty St ,514.0
16,0,49.28,-123.12,Richards & Smithe,16,Flower Store,-1.0,Bay Fresh Flowers ,1b21-650 Georgia St W ,228.0
16,0,49.28,-123.12,Richards & Smithe,16,Flower Store,-1.0,Divine Vines ,1024 Mainland St ,452.0
16,0,49.28,-123.12,Richards & Smithe,16,Flower Store,-1.0,Angela & Gabriel's Flowers Inc ,925 Georgia St W ,472.0
16,0,49.28,-123.12,Richards & Smithe,16,Flower Store,-1.0,7 Foot Florist ,888 Dunsmuir St ,523.0
16,0,49.28,-123.12,Richards & Smithe,16,Flower Store,-1.0,Queensberry Flower Co ,655 Seymour St ,571.0
16,0,49.28,-123.12,Richards & Smithe,16,Flower Store,-1.0,Fleurs d'Amour ,437 Robson St ,214.0
16,0,49.28,-123.12,Richards & Smithe,16,Flower Store,-1.0,Bonus Eventus Florist ,345 Robson St ,334.0
16,0,49.28,-123.12,Richards & Smithe,16,Flower Store,-1.0,Granville Station Flowers ,655 Seymour St ,380.0
16,0,49.28,-123.12,Richards & Smithe,16,Seafood,4.5, Blue Water Cafe, 1095 Hamilton St,2244.53
16,0,49.28,-123.12,Richards & Smithe,16,"Seafood, Steakhouses",4.0, Joe Fortes Seafood & Chop House, 777 Thurlow Street,3206.83
16,0,49.28,-123.12,Richards & Smithe,16,Italian,4.5, Lupo, 869 Hamilton Street,2499.67
16,0,49.28,-123.12,Richards & Smithe,16,"Breakfast & Brunch, Middle Eastern, Wine Bars",4.0, Medina Cafe, 780 Richards Street,2749.8
16,0,49.28,-123.12,Richards & Smithe,16,"Canadian (New), Seafood",4.0, The Flying Pig, 1168 Hamilton Street,2108.81
4,20,49.29,-123.12,Pender & Burrard,24,Flower Store,-1.0,Angela & Gabriel's Flowers Inc ,595 Burrard St ,563.0
4,20,49.29,-123.12,Pender & Burrard,24,Flower Store,-1.0,Flower Expression ,St Corner of Burrard St ,615.0
4,20,49.29,-123.12,Pender & Burrard,24,Flower Store,-1.0,Vivio Flower Atelier Ltd ,1125W Pender St W ,885.0
4,20,49.29,-123.12,Pender & Burrard,24,Flower Store,-1.0,La Florería ,1125 Pender St W ,888.0
4,20,49.29,-123.12,Pender & Burrard,24,Flower Store,-1.0,Lavender & Lilacs Florist ,1177 Hastings St W ,967.0
4,20,49.29,-123.12,Pender & Burrard,24,Flower Store,-1.0,Choice Flowers ,1055 Georgia St W ,604.0
4,20,49.29,-123.12,Pender & Burrard,24,Flower Store,-1.0,Flowers Aficionado ,625 Burrard St ,628.0
4,20,49.29,-123.12,Pender & Burrard,24,Flower Store,-1.0,Fran's Flowers ,500 Howe St ,643.0
4,20,49.29,-123.12,Pender & Burrard,24,Flower Store,-1.0,Franchiselink ,1055W Hastings St W ,868.0
4,20,49.29,-123.12,Pender & Burrard,24,Flower Store,-1.0,Axon Communications Inc ,1011 Cordova St W ,914.0
4,20,49.29,-123.12,Pender & Burrard,24,Flower Store,-1.0,Granville Island Florist ,1038 Canada Pl ,957.0
4,20,49.29,-123.12,Pender & Burrard,24,"Canadian (New), Cocktail Bars",4.0, Cactus Club Cafe, 1085 Canada Place,3737.69
10,10,49.29,-123.12,Hornby & Pender,20,Flower Store,-1.0,Angela & Gabriel's Flowers Inc ,595 Burrard St ,563.0
10,10,49.29,-123.12,Hornby & Pender,20,Flower Store,-1.0,Flower Expression ,St Corner of Burrard St ,615.0
10,10,49.29,-123.12,Hornby & Pender,20,Flower Store,-1.0,Vivio Flower Atelier Ltd ,1125W Pender St W ,885.0
10,10,49.29,-123.12,Hornby & Pender,20,Flower Store,-1.0,La Florería ,1125 Pender St W ,888.0
10,10,49.29,-123.12,Hornby & Pender,20,Flower Store,-1.0,Lavender & Lilacs Florist ,1177 Hastings St W ,967.0
10,10,49.29,-123.12,Hornby & Pender,20,Flower Store,-1.0,Choice Flowers ,1055 Georgia St W ,604.0
10,10,49.29,-123.12,Hornby & Pender,20,Flower Store,-1.0,Flowers Aficionado ,625 Burrard St ,628.0
10,10,49.29,-123.12,Hornby & Pender,20,Flower Store,-1.0,Fran's Flowers ,500 Howe St ,643.0
10,10,49.29,-123.12,Hornby & Pender,20,Flower Store,-1.0,Franchiselink ,1055W Hastings St W ,868.0
10,10,49.29,-123.12,Hornby & Pender,20,Flower Store,-1.0,Axon Communications Inc ,1011 Cordova St W ,914.0
10,10,49.29,-123.12,Hornby & Pender,20,Flower Store,-1.0,Granville Island Florist ,1038 Canada Pl ,957.0
10,10,49.29,-123.12,Hornby & Pender,20,"Canadian (New), Cocktail Bars",4.0, Cactus Club Cafe, 1085 Canada Place,3737.69
13,1,49.29,-123.12,Cordova & Bute,14,Flower Store,-1.0,Angela & Gabriel's Flowers Inc ,595 Burrard St ,563.0
13,1,49.29,-123.12,Cordova & Bute,14,Flower Store,-1.0,Flower Expression ,St Corner of Burrard St ,615.0
13,1,49.29,-123.12,Cordova & Bute,14,Flower Store,-1.0,Vivio Flower Atelier Ltd ,1125W Pender St W ,885.0
13,1,49.29,-123.12,Cordova & Bute,14,Flower Store,-1.0,La Florería ,1125 Pender St W ,888.0
13,1,49.29,-123.12,Cordova & Bute,14,Flower Store,-1.0,Lavender & Lilacs Florist ,1177 Hastings St W ,967.0
13,1,49.29,-123.12,Cordova & Bute,14,Flower Store,-1.0,Choice Flowers ,1055 Georgia St W ,604.0
13,1,49.29,-123.12,Cordova & Bute,14,Flower Store,-1.0,Flowers Aficionado ,625 Burrard St ,628.0
13,1,49.29,-123.12,Cordova & Bute,14,Flower Store,-1.0,Fran's Flowers ,500 Howe St ,643.0
13,1,49.29,-123.12,Cordova & Bute,14,Flower Store,-1.0,Franchiselink ,1055W Hastings St W ,868.0
13,1,49.29,-123.12,Cordova & Bute,14,Flower Store,-1.0,Axon Communications Inc ,1011 Cordova St W ,914.0
13,1,49.29,-123.12,Cordova & Bute,14,Flower Store,-1.0,Granville Island Florist ,1038 Canada Pl ,957.0
13,1,49.29,-123.12,Cordova & Bute,14,"Canadian (New), Cocktail Bars",4.0, Cactus Club Cafe, 1085 Canada Place,3737.69
11,1,49.29,-123.12,Georgia & Thurlow,12,Flower Store,-1.0,Angela & Gabriel's Flowers Inc ,595 Burrard St ,563.0
11,1,49.29,-123.12,Georgia & Thurlow,12,Flower Store,-1.0,Flower Expression ,St Corner of Burrard St ,615.0
11,1,49.29,-123.12,Georgia & Thurlow,12,Flower Store,-1.0,Vivio Flower Atelier Ltd ,1125W Pender St W ,885.0
11,1,49.29,-123.12,Georgia & Thurlow,12,Flower Store,-1.0,La Florería ,1125 Pender St W ,888.0
11,1,49.29,-123.12,Georgia & Thurlow,12,Flower Store,-1.0,Lavender & Lilacs Florist ,1177 Hastings St W ,967.0
11,1,49.29,-123.12,Georgia & Thurlow,12,Flower Store,-1.0,Choice Flowers ,1055 Georgia St W ,604.0
11,1,49.29,-123.12,Georgia & Thurlow,12,Flower Store,-1.0,Flowers Aficionado ,625 Burrard St ,628.0
11,1,49.29,-123.12,Georgia & Thurlow,12,Flower Store,-1.0,Fran's Flowers ,500 Howe St ,643.0
11,1,49.29,-123.12,Georgia & Thurlow,12,Flower Store,-1.0,Franchiselink ,1055W Hastings St W ,868.0
11,1,49.29,-123.12,Georgia & Thurlow,12,Flower Store,-1.0,Axon Communications Inc ,1011 Cordova St W ,914.0
11,1,49.29,-123.12,Georgia & Thurlow,12,Flower Store,-1.0,Granville Island Florist ,1038 Canada Pl ,957.0
11,1,49.29,-123.12,Georgia & Thurlow,12,"Canadian (New), Cocktail Bars",4.0, Cactus Club Cafe, 1085 Canada Place,3737.69
16,0,49.29,-123.12,Shaw Tower,16,Flower Store,-1.0,Angela & Gabriel's Flowers Inc ,595 Burrard St ,563.0
16,0,49.29,-123.12,Shaw Tower,16,Flower Store,-1.0,Flower Expression ,St Corner of Burrard St ,615.0
16,0,49.29,-123.12,Shaw Tower,16,Flower Store,-1.0,Vivio Flower Atelier Ltd ,1125W Pender St W ,885.0
16,0,49.29,-123.12,Shaw Tower,16,Flower Store,-1.0,La Florería ,1125 Pender St W ,888.0
16,0,49.29,-123.12,Shaw Tower,16,Flower Store,-1.0,Lavender & Lilacs Florist ,1177 Hastings St W ,967.0
16,0,49.29,-123.12,Shaw Tower,16,Flower Store,-1.0,Choice Flowers ,1055 Georgia St W ,604.0
16,0,49.29,-123.12,Shaw Tower,16,Flower Store,-1.0,Flowers Aficionado ,625 Burrard St ,628.0
16,0,49.29,-123.12,Shaw Tower,16,Flower Store,-1.0,Fran's Flowers ,500 Howe St ,643.0
16,0,49.29,-123.12,Shaw Tower,16,Flower Store,-1.0,Franchiselink ,1055W Hastings St W ,868.0
16,0,49.29,-123.12,Shaw Tower,16,Flower Store,-1.0,Axon Communications Inc ,1011 Cordova St W ,914.0
16,0,49.29,-123.12,Shaw Tower,16,Flower Store,-1.0,Granville Island Florist ,1038 Canada Pl ,957.0
16,0,49.29,-123.12,Shaw Tower,16,"Canadian (New), Cocktail Bars",4.0, Cactus Club Cafe, 1085 Canada Place,3737.69
14,14,49.29,-123.12,Burrard Station (Melville & Dunsmuir),28,Flower Store,-1.0,Angela & Gabriel's Flowers Inc ,595 Burrard St ,563.0
14,14,49.29,-123.12,Burrard Station (Melville & Dunsmuir),28,Flower Store,-1.0,Flower Expression ,St Corner of Burrard St ,615.0
14,14,49.29,-123.12,Burrard Station (Melville & Dunsmuir),28,Flower Store,-1.0,Vivio Flower Atelier Ltd ,1125W Pender St W ,885.0
14,14,49.29,-123.12,Burrard Station (Melville & Dunsmuir),28,Flower Store,-1.0,La Florería ,1125 Pender St W ,888.0
14,14,49.29,-123.12,Burrard Station (Melville & Dunsmuir),28,Flower Store,-1.0,Lavender & Lilacs Florist ,1177 Hastings St W ,967.0
14,14,49.29,-123.12,Burrard Station (Melville & Dunsmuir),28,Flower Store,-1.0,Choice Flowers ,1055 Georgia St W ,604.0
14,14,49.29,-123.12,Burrard Station (Melville & Dunsmuir),28,Flower Store,-1.0,Flowers Aficionado ,625 Burrard St ,628.0
14,14,49.29,-123.12,Burrard Station (Melville & Dunsmuir),28,Flower Store,-1.0,Fran's Flowers ,500 Howe St ,643.0
14,14,49.29,-123.12,Burrard Station (Melville & Dunsmuir),28,Flower Store,-1.0,Franchiselink ,1055W Hastings St W ,868.0
14,14,49.29,-123.12,Burrard Station (Melville & Dunsmuir),28,Flower Store,-1.0,Axon Communications Inc ,1011 Cordova St W ,914.0
14,14,49.29,-123.12,Burrard Station (Melville & Dunsmuir),28,Flower Store,-1.0,Granville Island Florist ,1038 Canada Pl ,957.0
14,14,49.29,-123.12,Burrard Station (Melville & Dunsmuir),28,"Canadian (New), Cocktail Bars",4.0, Cactus Club Cafe, 1085 Canada Place,3737.69
3,10,49.29,-123.12,Melville & Bute,13,Flower Store,-1.0,Angela & Gabriel's Flowers Inc ,595 Burrard St ,563.0
3,10,49.29,-123.12,Melville & Bute,13,Flower Store,-1.0,Flower Expression ,St Corner of Burrard St ,615.0
3,10,49.29,-123.12,Melville & Bute,13,Flower Store,-1.0,Vivio Flower Atelier Ltd ,1125W Pender St W ,885.0
3,10,49.29,-123.12,Melville & Bute,13,Flower Store,-1.0,La Florería ,1125 Pender St W ,888.0
3,10,49.29,-123.12,Melville & Bute,13,Flower Store,-1.0,Lavender & Lilacs Florist ,1177 Hastings St W ,967.0
3,10,49.29,-123.12,Melville & Bute,13,Flower Store,-1.0,Choice Flowers ,1055 Georgia St W ,604.0
3,10,49.29,-123.12,Melville & Bute,13,Flower Store,-1.0,Flowers Aficionado ,625 Burrard St ,628.0
3,10,49.29,-123.12,Melville & Bute,13,Flower Store,-1.0,Fran's Flowers ,500 Howe St ,643.0
3,10,49.29,-123.12,Melville & Bute,13,Flower Store,-1.0,Franchiselink ,1055W Hastings St W ,868.0
3,10,49.29,-123.12,Melville & Bute,13,Flower Store,-1.0,Axon Communications Inc ,1011 Cordova St W ,914.0
3,10,49.29,-123.12,Melville & Bute,13,Flower Store,-1.0,Granville Island Florist ,1038 Canada Pl ,957.0
3,10,49.29,-123.12,Melville & Bute,13,"Canadian (New), Cocktail Bars",4.0, Cactus Club Cafe, 1085 Canada Place,3737.69
8,9,49.29,-123.14,Comox & Denman,17,"Japanese, Tapas/Small Plates",4.5, Kingyo, 871 Denman Street,3956.43
1,11,49.29,-123.14,Chilco & Beach,12,"Japanese, Tapas/Small Plates",4.5, Kingyo, 871 Denman Street,3956.43
18,8,49.29,-123.14,Bidwell & Burnaby,26,"Japanese, Tapas/Small Plates",4.5, Kingyo, 871 Denman Street,3956.43
7,10,49.29,-123.14,Chilco & Barclay,17,"Japanese, Tapas/Small Plates",4.5, Kingyo, 871 Denman Street,3956.43
12,3,49.29,-123.14,Chilco & Robson,15,"Japanese, Tapas/Small Plates",4.5, Kingyo, 871 Denman Street,3956.43
6,9,49.29,-123.14,Cardero & Davie,15,"Japanese, Tapas/Small Plates",4.5, Kingyo, 871 Denman Street,3956.43
15,5,49.29,-123.14,Haro & Denman,20,"Japanese, Tapas/Small Plates",4.5, Kingyo, 871 Denman Street,3956.43
6,23,49.29,-123.14,Davie & Beach,29,"Japanese, Tapas/Small Plates",4.5, Kingyo, 871 Denman Street,3956.43
2,22,49.29,-123.14,Morton & Denman,24,"Japanese, Tapas/Small Plates",4.5, Kingyo, 871 Denman Street,3956.43
8,9,49.29,-123.14,Nelson & Denman,17,"Japanese, Tapas/Small Plates",4.5, Kingyo, 871 Denman Street,3956.43
4,9,49.28,-123.13,Helmcken & Burrard,13,Flower Store,-1.0,Wall Flowers ,1001 Hornby St ,407.0
4,9,49.28,-123.13,Helmcken & Burrard,13,Flower Store,-1.0,Downtown Florist ,730 Davie St ,548.0
4,9,49.28,-123.13,Helmcken & Burrard,13,Flower Store,-1.0,Downtown Gifts and Flowers ,730 Davie St ,574.0
4,9,49.28,-123.13,Helmcken & Burrard,13,Flower Store,-1.0,Eden Florist ,843 Davie St ,593.0
4,9,49.28,-123.13,Helmcken & Burrard,13,Flower Store,-1.0,Davie Flowers ,1139 Davie St ,886.0
4,9,49.28,-123.13,Helmcken & Burrard,13,Flower Store,-1.0,Thomas Hobbs Florist ,1001 Hornby St ,382.0
4,9,49.28,-123.13,Helmcken & Burrard,13,Pastry Shop,-1.0,Comme Chez Ta Mère ,1151 Haro St ,730.0
17,3,49.28,-123.13,Bute & Comox,20,Flower Store,-1.0,Wall Flowers ,1001 Hornby St ,407.0
17,3,49.28,-123.13,Bute & Comox,20,Flower Store,-1.0,Downtown Florist ,730 Davie St ,548.0
17,3,49.28,-123.13,Bute & Comox,20,Flower Store,-1.0,Downtown Gifts and Flowers ,730 Davie St ,574.0
17,3,49.28,-123.13,Bute & Comox,20,Flower Store,-1.0,Eden Florist ,843 Davie St ,593.0
17,3,49.28,-123.13,Bute & Comox,20,Flower Store,-1.0,Davie Flowers ,1139 Davie St ,886.0
17,3,49.28,-123.13,Bute & Comox,20,Flower Store,-1.0,Thomas Hobbs Florist ,1001 Hornby St ,382.0
17,3,49.28,-123.13,Bute & Comox,20,Pastry Shop,-1.0,Comme Chez Ta Mère ,1151 Haro St ,730.0
10,5,49.28,-123.13,Thurlow & Pendrell,15,Flower Store,-1.0,Wall Flowers ,1001 Hornby St ,407.0
10,5,49.28,-123.13,Thurlow & Pendrell,15,Flower Store,-1.0,Downtown Florist ,730 Davie St ,548.0
10,5,49.28,-123.13,Thurlow & Pendrell,15,Flower Store,-1.0,Downtown Gifts and Flowers ,730 Davie St ,574.0
10,5,49.28,-123.13,Thurlow & Pendrell,15,Flower Store,-1.0,Eden Florist ,843 Davie St ,593.0
10,5,49.28,-123.13,Thurlow & Pendrell,15,Flower Store,-1.0,Davie Flowers ,1139 Davie St ,886.0
10,5,49.28,-123.13,Thurlow & Pendrell,15,Flower Store,-1.0,Thomas Hobbs Florist ,1001 Hornby St ,382.0
10,5,49.28,-123.13,Thurlow & Pendrell,15,Pastry Shop,-1.0,Comme Chez Ta Mère ,1151 Haro St ,730.0
16,3,49.28,-123.13,Bute & Davie,19,Flower Store,-1.0,Wall Flowers ,1001 Hornby St ,407.0
16,3,49.28,-123.13,Bute & Davie,19,Flower Store,-1.0,Downtown Florist ,730 Davie St ,548.0
16,3,49.28,-123.13,Bute & Davie,19,Flower Store,-1.0,Downtown Gifts and Flowers ,730 Davie St ,574.0
16,3,49.28,-123.13,Bute & Davie,19,Flower Store,-1.0,Eden Florist ,843 Davie St ,593.0
16,3,49.28,-123.13,Bute & Davie,19,Flower Store,-1.0,Davie Flowers ,1139 Davie St ,886.0
16,3,49.28,-123.13,Bute & Davie,19,Flower Store,-1.0,Thomas Hobbs Florist ,1001 Hornby St ,382.0
16,3,49.28,-123.13,Bute & Davie,19,Pastry Shop,-1.0,Comme Chez Ta Mère ,1151 Haro St ,730.0
18,4,49.28,-123.13,Beach & Hornby,22,Flower Store,-1.0,Wall Flowers ,1001 Hornby St ,407.0
18,4,49.28,-123.13,Beach & Hornby,22,Flower Store,-1.0,Downtown Florist ,730 Davie St ,548.0
18,4,49.28,-123.13,Beach & Hornby,22,Flower Store,-1.0,Downtown Gifts and Flowers ,730 Davie St ,574.0
18,4,49.28,-123.13,Beach & Hornby,22,Flower Store,-1.0,Eden Florist ,843 Davie St ,593.0
18,4,49.28,-123.13,Beach & Hornby,22,Flower Store,-1.0,Davie Flowers ,1139 Davie St ,886.0
18,4,49.28,-123.13,Beach & Hornby,22,Flower Store,-1.0,Thomas Hobbs Florist ,1001 Hornby St ,382.0
18,4,49.28,-123.13,Beach & Hornby,22,Pastry Shop,-1.0,Comme Chez Ta Mère ,1151 Haro St ,730.0
13,0,49.28,-123.13,Bute & Barclay,13,Flower Store,-1.0,Wall Flowers ,1001 Hornby St ,407.0
13,0,49.28,-123.13,Bute & Barclay,13,Flower Store,-1.0,Downtown Florist ,730 Davie St ,548.0
13,0,49.28,-123.13,Bute & Barclay,13,Flower Store,-1.0,Downtown Gifts and Flowers ,730 Davie St ,574.0
13,0,49.28,-123.13,Bute & Barclay,13,Flower Store,-1.0,Eden Florist ,843 Davie St ,593.0
13,0,49.28,-123.13,Bute & Barclay,13,Flower Store,-1.0,Davie Flowers ,1139 Davie St ,886.0
13,0,49.28,-123.13,Bute & Barclay,13,Flower Store,-1.0,Thomas Hobbs Florist ,1001 Hornby St ,382.0
13,0,49.28,-123.13,Bute & Barclay,13,Pastry Shop,-1.0,Comme Chez Ta Mère ,1151 Haro St ,730.0
19,3,49.28,-123.13,Burrard & Drake,22,Flower Store,-1.0,Wall Flowers ,1001 Hornby St ,407.0
19,3,49.28,-123.13,Burrard & Drake,22,Flower Store,-1.0,Downtown Florist ,730 Davie St ,548.0
19,3,49.28,-123.13,Burrard & Drake,22,Flower Store,-1.0,Downtown Gifts and Flowers ,730 Davie St ,574.0
19,3,49.28,-123.13,Burrard & Drake,22,Flower Store,-1.0,Eden Florist ,843 Davie St ,593.0
19,3,49.28,-123.13,Burrard & Drake,22,Flower Store,-1.0,Davie Flowers ,1139 Davie St ,886.0
19,3,49.28,-123.13,Burrard & Drake,22,Flower Store,-1.0,Thomas Hobbs Florist ,1001 Hornby St ,382.0
19,3,49.28,-123.13,Burrard & Drake,22,Pastry Shop,-1.0,Comme Chez Ta Mère ,1151 Haro St ,730.0
14,4,49.28,-123.13,Hornby & Drake,18,Flower Store,-1.0,Wall Flowers ,1001 Hornby St ,407.0
14,4,49.28,-123.13,Hornby & Drake,18,Flower Store,-1.0,Downtown Florist ,730 Davie St ,548.0
14,4,49.28,-123.13,Hornby & Drake,18,Flower Store,-1.0,Downtown Gifts and Flowers ,730 Davie St ,574.0
14,4,49.28,-123.13,Hornby & Drake,18,Flower Store,-1.0,Eden Florist ,843 Davie St ,593.0
14,4,49.28,-123.13,Hornby & Drake,18,Flower Store,-1.0,Davie Flowers ,1139 Davie St ,886.0
14,4,49.28,-123.13,Hornby & Drake,18,Flower Store,-1.0,Thomas Hobbs Florist ,1001 Hornby St ,382.0
14,4,49.28,-123.13,Hornby & Drake,18,Pastry Shop,-1.0,Comme Chez Ta Mère ,1151 Haro St ,730.0
1,13,49.27,-123.13,Pacific & Richards,14,Flower Store,-1.0,Sunflower Florist Ltd ,1359 Richards St ,2462.0
11,5,49.27,-123.13,David Lam Park - West,16,Flower Store,-1.0,Sunflower Florist Ltd ,1359 Richards St ,2462.0
2,15,49.27,-123.13,Beach & Seymour,17,Flower Store,-1.0,Sunflower Florist Ltd ,1359 Richards St ,2462.0
5,9,49.27,-123.13,South False Creek Seawall,14,Flower Store,-1.0,Sunflower Florist Ltd ,1359 Richards St ,2462.0
14,1,49.27,-123.13,7th &  Alder,15,Flower Store,-1.0,Sunflower Florist Ltd ,1359 Richards St ,2462.0
10,6,49.27,-123.13,Rolston & Granville,16,Flower Store,-1.0,Sunflower Florist Ltd ,1359 Richards St ,2462.0
9,3,49.29,-123.13,Comox & Broughton,12,Restaurant,-1.0,Ladurée ,1141 Robson St ,721.0
9,3,49.29,-123.13,Comox & Broughton,12,Taiwanese Restaurant,-1.0,Meet Fresh ,1232 Robson St ,897.0
9,3,49.29,-123.13,Comox & Broughton,12,"Japanese, Tapas/Small Plates",4.5, Guu with Garlic, 1698 Robson Street,3860.03
17,0,49.29,-123.13,Nicola & Robson,17,Restaurant,-1.0,Ladurée ,1141 Robson St ,721.0
17,0,49.29,-123.13,Nicola & Robson,17,Taiwanese Restaurant,-1.0,Meet Fresh ,1232 Robson St ,897.0
17,0,49.29,-123.13,Nicola & Robson,17,"Japanese, Tapas/Small Plates",4.5, Guu with Garlic, 1698 Robson Street,3860.03
16,1,49.29,-123.13,Alberni & Jervis,17,Restaurant,-1.0,Ladurée ,1141 Robson St ,721.0
16,1,49.29,-123.13,Alberni & Jervis,17,Taiwanese Restaurant,-1.0,Meet Fresh ,1232 Robson St ,897.0
16,1,49.29,-123.13,Alberni & Jervis,17,"Japanese, Tapas/Small Plates",4.5, Guu with Garlic, 1698 Robson Street,3860.03
8,12,49.29,-123.13,Jervis & Robson,20,Restaurant,-1.0,Ladurée ,1141 Robson St ,721.0
8,12,49.29,-123.13,Jervis & Robson,20,Taiwanese Restaurant,-1.0,Meet Fresh ,1232 Robson St ,897.0
8,12,49.29,-123.13,Jervis & Robson,20,"Japanese, Tapas/Small Plates",4.5, Guu with Garlic, 1698 Robson Street,3860.03
22,4,49.29,-123.13,Bute & Robson,26,Restaurant,-1.0,Ladurée ,1141 Robson St ,721.0
22,4,49.29,-123.13,Bute & Robson,26,Taiwanese Restaurant,-1.0,Meet Fresh ,1232 Robson St ,897.0
22,4,49.29,-123.13,Bute & Robson,26,"Japanese, Tapas/Small Plates",4.5, Guu with Garlic, 1698 Robson Street,3860.03
7,16,49.29,-123.13,Hastings & Broughton,23,Restaurant,-1.0,Ladurée ,1141 Robson St ,721.0
7,16,49.29,-123.13,Hastings & Broughton,23,Taiwanese Restaurant,-1.0,Meet Fresh ,1232 Robson St ,897.0
7,16,49.29,-123.13,Hastings & Broughton,23,"Japanese, Tapas/Small Plates",4.5, Guu with Garlic, 1698 Robson Street,3860.03
13,11,49.29,-123.13,Cardero & Robson,24,Restaurant,-1.0,Ladurée ,1141 Robson St ,721.0
13,11,49.29,-123.13,Cardero & Robson,24,Taiwanese Restaurant,-1.0,Meet Fresh ,1232 Robson St ,897.0
13,11,49.29,-123.13,Cardero & Robson,24,"Japanese, Tapas/Small Plates",4.5, Guu with Garlic, 1698 Robson Street,3860.03
12,6,49.29,-123.13,Cardero & Bayshore,18,Restaurant,-1.0,Ladurée ,1141 Robson St ,721.0
12,6,49.29,-123.13,Cardero & Bayshore,18,Taiwanese Restaurant,-1.0,Meet Fresh ,1232 Robson St ,897.0
12,6,49.29,-123.13,Cardero & Bayshore,18,"Japanese, Tapas/Small Plates",4.5, Guu with Garlic, 1698 Robson Street,3860.03
0,14,49.28,-123.1,Keefer & Columbia,14,"Cambodian, Vietnamese",4.0, Phnom Penh, 244 E Georgia Street,3099.14
1,16,49.28,-123.1,Carrall & Hastings,17,"Cambodian, Vietnamese",4.0, Phnom Penh, 244 E Georgia Street,3099.14
3,15,49.28,-123.1,Creekside Park North,18,"Cambodian, Vietnamese",4.0, Phnom Penh, 244 E Georgia Street,3099.14
17,2,49.28,-123.1,Alexander & Main,19,"Cambodian, Vietnamese",4.0, Phnom Penh, 244 E Georgia Street,3099.14
6,7,49.28,-123.1,Alexander & Dunlevy,13,"Cambodian, Vietnamese",4.0, Phnom Penh, 244 E Georgia Street,3099.14
8,11,49.28,-123.1,Georgia & Main,19,"Cambodian, Vietnamese",4.0, Phnom Penh, 244 E Georgia Street,3099.14
8,6,49.28,-123.1,Pender & Gore,14,"Cambodian, Vietnamese",4.0, Phnom Penh, 244 E Georgia Street,3099.14
8,8,49.28,-123.1,Union & Dunlevy,16,"Cambodian, Vietnamese",4.0, Phnom Penh, 244 E Georgia Street,3099.14
3,19,49.27,-123.15,Cypress & Cornwall,22,"Canadian (New), Diners, Bars",4.5, AnnaLena, 1809 W 1st Avenue,2337.07
3,19,49.27,-123.15,Cypress & Cornwall,22,Canadian (New),4.5, Fable Kitchen, 1944 W 4th Avenue,2254.65
15,3,49.27,-123.15,Cypress & 4th,18,"Canadian (New), Diners, Bars",4.5, AnnaLena, 1809 W 1st Avenue,2337.07
15,3,49.27,-123.15,Cypress & 4th,18,Canadian (New),4.5, Fable Kitchen, 1944 W 4th Avenue,2254.65
0,26,49.27,-123.15,1st & Chestnut,26,"Canadian (New), Diners, Bars",4.5, AnnaLena, 1809 W 1st Avenue,2337.07
0,26,49.27,-123.15,1st & Chestnut,26,Canadian (New),4.5, Fable Kitchen, 1944 W 4th Avenue,2254.65
15,1,49.27,-123.15,7th & Arbutus,16,"Canadian (New), Diners, Bars",4.5, AnnaLena, 1809 W 1st Avenue,2337.07
15,1,49.27,-123.15,7th & Arbutus,16,Canadian (New),4.5, Fable Kitchen, 1944 W 4th Avenue,2254.65
15,1,49.27,-123.15,5th & Arbutus,16,"Canadian (New), Diners, Bars",4.5, AnnaLena, 1809 W 1st Avenue,2337.07
15,1,49.27,-123.15,5th & Arbutus,16,Canadian (New),4.5, Fable Kitchen, 1944 W 4th Avenue,2254.65
6,9,49.27,-123.15,Burrard & 4th,15,"Canadian (New), Diners, Bars",4.5, AnnaLena, 1809 W 1st Avenue,2337.07
6,9,49.27,-123.15,Burrard & 4th,15,Canadian (New),4.5, Fable Kitchen, 1944 W 4th Avenue,2254.65
15,1,49.27,-123.15,Burrard & 7th,16,"Canadian (New), Diners, Bars",4.5, AnnaLena, 1809 W 1st Avenue,2337.07
15,1,49.27,-123.15,Burrard & 7th,16,Canadian (New),4.5, Fable Kitchen, 1944 W 4th Avenue,2254.65
29,6,49.27,-123.15,Kitsilano Beach Park,35,"Canadian (New), Diners, Bars",4.5, AnnaLena, 1809 W 1st Avenue,2337.07
29,6,49.27,-123.15,Kitsilano Beach Park,35,Canadian (New),4.5, Fable Kitchen, 1944 W 4th Avenue,2254.65
10,2,49.26,-123.14,10th & Granville,12,"Japanese, Tapas/Small Plates, Sushi Bars",4.0, Suika, 1626 W Broadway,1532.55
12,2,49.26,-123.14,14th & Granville,14,"Japanese, Tapas/Small Plates, Sushi Bars",4.0, Suika, 1626 W Broadway,1532.55
12,8,49.26,-123.14,Pine & 10th,20,"Japanese, Tapas/Small Plates, Sushi Bars",4.0, Suika, 1626 W Broadway,1532.55
16,1,49.26,-123.1,10th & Main,17,"Vietnamese, Cocktail Bars",4.0, Anh and Chi, 3388 Main Street,1666.07
14,1,49.26,-123.1,14th & Ontario,15,"Vietnamese, Cocktail Bars",4.0, Anh and Chi, 3388 Main Street,1666.07
9,3,49.26,-123.1,14th & Main,12,"Vietnamese, Cocktail Bars",4.0, Anh and Chi, 3388 Main Street,1666.07
17,2,49.26,-123.1,10th & Ontario,19,"Vietnamese, Cocktail Bars",4.0, Anh and Chi, 3388 Main Street,1666.07
10,2,49.26,-123.1,8th & Scotia,12,"Vietnamese, Cocktail Bars",4.0, Anh and Chi, 3388 Main Street,1666.07
14,0,49.26,-123.1,Prince Edward & 16th,14,"Vietnamese, Cocktail Bars",4.0, Anh and Chi, 3388 Main Street,1666.07
9,5,49.26,-123.1,Prince Edward & 14th,14,"Vietnamese, Cocktail Bars",4.0, Anh and Chi, 3388 Main Street,1666.07
10,10,49.26,-123.1,10th & Kingsway,20,"Vietnamese, Cocktail Bars",4.0, Anh and Chi, 3388 Main Street,1666.07
15,2,49.26,-123.1,8th & Prince Edward,17,"Vietnamese, Cocktail Bars",4.0, Anh and Chi, 3388 Main Street,1666.07
9,6,49.26,-123.1,11th & Kingsway,15,"Vietnamese, Cocktail Bars",4.0, Anh and Chi, 3388 Main Street,1666.07
13,4,49.27,-123.16,Vine & 4th,17,"Japanese, Sushi Bars",4.0, Raisu, 2340 W 4th Avenue,2837.77
5,15,49.27,-123.16,York & Yew,20,"Japanese, Sushi Bars",4.0, Raisu, 2340 W 4th Avenue,2837.77
1,17,49.27,-123.16,Trafalgar & Cornwall,18,"Japanese, Sushi Bars",4.0, Raisu, 2340 W 4th Avenue,2837.77
7,12,49.27,-123.16,Balsam & Cornwall,19,"Japanese, Sushi Bars",4.0, Raisu, 2340 W 4th Avenue,2837.77
12,3,49.25,-123.1,18th & Main,15,"Tapas/Small Plates, Wine Bars, Cocktail Bars",4.5, Published On Main, 3593 Main Street,1681.55
16,0,49.25,-123.1,20th & Main,16,"Tapas/Small Plates, Wine Bars, Cocktail Bars",4.5, Published On Main, 3593 Main Street,1681.55
7,5,49.25,-123.1,Ontario & 23rd,12,"Tapas/Small Plates, Wine Bars, Cocktail Bars",4.5, Published On Main, 3593 Main Street,1681.55
17,5,49.25,-123.1,27th & Main,22,"Tapas/Small Plates, Wine Bars, Cocktail Bars",4.5, Published On Main, 3593 Main Street,1681.55
13,0,49.25,-123.1,22nd & Main,13,"Tapas/Small Plates, Wine Bars, Cocktail Bars",4.5, Published On Main, 3593 Main Street,1681.55
